{"cameraMode":{"drawMode":0,"name":"Shaded","section":"Shading Mode"},"sceneLighting":false,"audioPlay":false,"sceneViewState":{"showFog":true,"showMaterialUpdate":false,"showSkybox":true,"showFlares":true,"showImageEffects":true,"showParticleSystems":true},"in2DMode":false,"pivot":{"x":-4.730000019073486,"y":12.145000457763672,"z":61.415000915527347},"rotation":{"x":-0.65265291929245,"y":0.017502477392554284,"z":-0.015073616988956929,"w":-0.757304847240448},"size":27.70714569091797,"orthographic":false}